comments,ID
2021 ửa như các idol ở đấng tối cao,0
ceck ceed dtc genz ,1
oh b52  bbh nx nè,2
hữu phỉ ,3
Chúa Hề Cướp Box,4
ê quen vãi mà k nhớ,5
đại thiên cung aka b52 á hả,6
đúm rùi tr ơi nhắc 2021 là toàn 1 thời kỉ niệm,7
uay đúng 1 thời b52 bbh hữu phỉ ,8
samee,9
t qtv b52 nè ní,10
tớ cx ở b52 nè cậu,11
Tỉ lãothiên cung,12
kì thị dân war ,13
1 nói sợ tí bị tap hay xin fb chetttt,14
nó vô spam mấy câu xong mình k rep cái kêu mình bại nè,15
nãy trên kia có th xin fb r kìa,16
ngầu vãi trước bị k chấp hâh,17
sợ lắm rồi ,18
ê hồi đó t bị tag box t call nó kh dám bắt máy,19
hồi đó t bị 3 đứa dí mà cnó chửi k lại t nữa,20
chuẩn,21
m chơi kèo ý tưởng k ,22
nói ra sợ bị xin fb,23
đẹp gái nên xin,24
t ki thi lu ao tuong minh dgai dc ngk xint ,25
trên mxh oai lắm bọn nó ra ngoài đời nín thin thít cả đám ,26
giống,28
Same,29
thiệt á,31
Như t hồi xưa nghe câu này là kieu  xin cái fb lên kèo,32
đã thả tim,33
ké,34
1 ,35
giống nói sợ bị xin fb ,36
Bữa con kia nó chê t r nói gì m quen dc nhieu ng r t dc 30 thang r  thấy hài dữ r đó,37
t tính nói mà sợ bị tap,38
T hw 2023 hot face 1 thời đây này,39
dân war là gì vậy ạ,40
coi chừng bị tảd ấy,43
t mới bỏ hqua,44
nói k lại hở cái ad vào nhóm,45
lh,46
tsao,47
tạii k thích,48
ýe,49
Cứu kco nổi,50
Thấy ngầu lắm à b ,53
ngầu,54
bắt tay ,55
1 táp cx ko sợ,56
dân ửa,57
tui hả,58
cạn ngônrén,59
tim tim,60
ửa lgi còn ở 2022 trở đi có trở về 2019 đổ về còn nghe đc,61
t nghỉ war dc 2 năm r,62
t từng là dân war chính hiệu đi dạy đạo lí ,63
Từng lm dân ửa 1 thời,64
nhớ hồi lúc dân war kch vs ngta quá tr còn trong b52 nữa,65
Ửa nhm trên za lỏ ,66
dân war là dân j mấy chế,67
t từng là dân war,68
ghét mấy thể loại dựa hơi bảnh 0 thêm vào nhóm bảnh một gà một cựa3,69
Đã từng là dân war,70
dân war có 2 loại 1 là nghe 2 phía ms chửibt ai sai ai đúng ms hay 2 là nghe 1 phía r nhào vào cắn bậy,71
đrne,72
1 lũ ửa vào khoe chiến tích ,73
juan bn ei coi chừng bị cắn á,74
mõm online khoe chiến tích,75
có thì khoe  chứ đâu có như mấy đứa kco ,76
khoe thì ai công nhận chiến tích này,77
khoe thì cứ khoe xem thành tích các dân ửa 1 thời oai nhau ntn thôi,78
Chúc b bình an ,79
chúc bạn bình an,80
có thì khoe  chả ph cần ai côg nhận ,81
Số đông là win ,82
hài chúa,83
bố mẹ nào chả tự hào về con mình ,84
Kkkkkk chuẩn ,85
chuẩn dân ửa dù là thời nào thì đều như nhau th ,86
Vậy bạn bt ửa không,87
dân ửa oai quá  rồi nào lớn,88
kh qua nỗi rồi,89
1 lũ chiến tranh là cgi the ,90
Con nít quá m ơi,92
Bọn ửa đú toàn bọn mõm  Mõm được cái mõm trên mạng chứ bị ngta hẹn là xách dép mạnh ai nấy chạy á hả  ,93
Lên tới cấp 3 chưa  ,94
rất là hài nháaa,95
cảm giác bị đi dí kkkkk cx vui,96
rep ib mess t kìa ,97
thời đó k gặp war bọn nó lmj bt cảm giác,98
ns đúng ms có con vào tap chứ ,99
suỵt nói đúng r đấy,100
cười nữa,101
sao v,102
leon  kitty  k c ắ n lại dc t chỉ đến thế là cùng ,103
chửi nhau gây trò t tưởng làm gì cao siêu được vinh danh v má bớt trẩu đi ,104
t đâu có nhận t oai  khen t hả mà t đâu có cần lời khen đó  bao giờ t lớn thì hỏi thgian chứ hỏi t  t có ph là thgi đâu mà t biet ,105
có thấy từ  có thì khoe  khôg nhỉ  ,106
đáng để khoe không ta,107
chúc c bình an ,108
droaii,109
1 thời huy hoàng của t  h t bán rau luột đây ai mua ko ib t ship tới nhà 100k 1 bố rau tươi nhiễm vi khuẩn ,110
war là cgi,111
xin típ chửi dân war đụng chạm đến danh dự của bố mẹ ,112
đã từng là 1 dân war ,113
từng là 1 dân war chính hiệu ,114
Nói tht ửa 2023 k bằng hồi 2021,115
Ửa giờ toàn spam ,116
Tag bot,117
Ê thật giờ toàn spam hoặc teencode,118
juan ,119
m giỏi nói đúng mấy con dí t bữa cũng toàn spam,120
Gáy không lại xong quay ra chê ip nút home  không thì adr ,121
Thật gặp ở 2021 là kh cãi nổi luôn ấy,122
thấy teencode với spam là nản,123
Juan luôn bữa k làm gì bị cno mời vào Grp rồi spam bot  chê ip nút home,124
ửa giờ kiểu ,125
CHUẨN LUÔN K LỆCH DC,126
toàn mấy bọn c1,127
bữa regbox giải quyết đúng sai cái bọn nó spam cho đã xong nhận win,128
thật,129
Gặp r,130
hồi 2021 nổi nhất là ĐTC với B52,131
Tht á hqua ms bị regbox mà ửa kiểu j toàn đuối lý Toàn spam với teencode ,132
Ê giống t,133
Add fb t ửa cùng nè ,134
Không cậu ơi cno chơi ig ,135
Có ig thì vô thử chứ mấy em cứ spam rồi nhận mih win nhận mih kh ai đạp nổi ,136
Đúng nè,137
cho dù là tương lai hay quá khứ thì chúng nó cũng là lũ thất bại,138
ửa thời này chụp vài cái tn r xưng win ak,139
đúng nè,140
23 toàn đú,141
Đúng vayyy,142
k bằng 2018 2019,143
Tùy cảm nhận th ạ,144
2019 mới là cái thời nổi nhất,145
1819 mới đúng ,146
Tùy cảm nhận ạ mih thấy 2021 nó ok hơn bh,147
thật ý toàn lũ lôi bố mẹ ra chửi,148
Tr oi bữa t bị ni của anh họ t dí ửa chỉ vì t nhờ ổng mua hộ t li trà sữa đó trời ,149
mách mẹ ông anh họ là chị ng yêu anh họ chửi con  cô kêu ảnh chia tay đi,150
T nói r á mẹ ổng cũng kiểu cấm qua lại với ng nv r mà ổng vẫn lén iu á bà oi ,151
ủa ổng có bênh bà kh bà oi,152
Có bênh tui với lại giải thích á nhma còn iu dữ quá nên k muốn ct ,153
bữa t bị lũ ửa 2023 dí chạy tụt quần chỉ vì một chuyện nhỏ,154
Bữa t cũng bị ửa 2023 dí chỉ vì t nhắn nhờ anh họ t mua hộ li trà sữa  ng dí t là ni của ổng ,155
2021 ĐTC B52 BBH đồ đó ,156
CECK nữa,157
lạy tr chỉ dc mác box lớn chữ trình hơn ai đâu ,158
t thấy rồibọn đú đc cái spamhồi đó vui hơn,159
juan r,160
h toàn như vòng lặp r teencode xog block các thứ,161
Ửa 20202021 nè,162
Ửa h hay spam như mấy lũ tật20202021 gõ ngôn mới vui,163
thậtt,164
Kệ em ,165
toàn đú ,166
dr,167
giờ cno sài treo  nhây ko như 2021 hồi đó toàn gõ,168
Treo app t cũng dùng nma t gõ ngôn nhiều hơn,169
chính xác,170
đương nhiên ròi sau bằng đcc,171
Ngtrinh juan r,172
t thấy hề như nhau ,173
Hề tht ấy nhma có s thì 2021 vẫn hơn,174
thật ba ơi,175
đồng ý,176
S mà bằng đc,177
Yess  dân ửa lúc trước ửa là tắt nắng  dân ửa giờ toàn đú theo  bỏ nghề rồi mà bây giờ nhìn xong t phải cười nửa miệng,178
kh có cửa ln ấy chớ,179
Thật toàn spam,180
spam teencode kh,181
het suy thi doi ten ng dep lol giong ce mik vá,182
2023 h đâu còn hw,184
thật  toàn đú,186
yes hồi 20202021 nó phải gọi là nét,187
2021 là cdj v tính từ thời 2017,188
tànnn,189
tuổi,190
 t là đứa đi trị dân war,191
Cho ai chưa biết Dân war là những người thích chiến tranh tranh luận hay đi tạo drama giữa các nhóm với nhau tạo xích mích gây chuyện nhằm chọc phá,192
Theo mình hiểu thì là như thế có sai thì mọi người thông cảm cho mình ạ,194
1 thời dtc ,195
same,196
kì thị dân war,197
2023 t ửa hơi nhiều,198
mới vào tcn của mấy ac ửa ne,199
tcn,200
fay buc,201
xin,202
bắn cái mấy bả add tag 1 đống nè nha,203
sao đâu mà,204
ngày xưa bị dân ửa vô táp ,205
kì thị ké ,206
Là chửi lộn đó,207
cái tgh toàn hw ,208
Đr,209
thật chứ war lỏ onl cũng khoe,210
T cũng kì thị,211
ls zị bn,212
hồi 2021 t toàn tự xưng mẹ đứng trên đỉnh vinh quang ,213
tao xưng ChÚa ,214
 anh đây là ng đứng trên đỉnh vinh quang con nào đủ trình lên đây war vs bố,215
còn t thì mẹ bước chân từ bậc thượng đế ,216
T toàn kêu mẹ thiên hạ vs tớ cậu,217
2019 2020 ,218
gióng t nè,219
 con nào réo tên anh,220
mô phật ,221
chủ yếu chúng nó xưng là anh ấy,222
hồi trc gặp mấy đứa tật dân war r t dame cho mếu,223
ngồi xem mấy mẹ xàm tự nhận làm dân war ,224
oai quá ta ,225
sao lại kh,226
c lớn đó ,227
k chọc chị,228
bao giờ lớn,229
Nhận đệ không chị ,230
kh baoh,231
dí quở tao đê,232
thuii tui tu roàiii,233
ngầu quá cậu ơi,234
cảm ơn nhóo,235
bao giờ e lớn ,236
nào lớn,237
tỷ năm nữaaa,238
gắng lên sắp ngầu roi ,239
Chừng nào lớn,240
ửa 2023 oai,241
khi nào bé lớn,242
không được trêu bạn ,243
oách,244
 cảm ơnnn,245
show gì dạ show gái mẹ m hỏ kkk,246
kkkk,247
kkk,248
lớn lên rùi suy nghĩ lại coi thử chắc đội quần,249
Fifai là bt ngầu r,250
show gì  show luôn t xem,251
làm tí công nghệ kh cô bé fi fai,252
bao giờ mới chịu lớn,253
khoe chiến tích,255
trông,256
Chị lớn,257
dữ quá,258
T cần show thử t xem,259
link fb,260
nie dám reply lại tao không em   bảo show tao reply mà không dám reply lại tao dạ kkk,261
cho mấy em oai tí,262
chị lớn đó bây bớt đi lớn mõm,263
kh bit chị lớn lớp mấy nhỉ,265
mày bị lạc ở thời nguyên thuỷ à,266
dữ v sao cười chết,267
lt ei cobe,268
oai,269
tht t cười nãy giờ,270
vào spam một mớ rồi capcut giựt giựt là thành dân ửa ngầu r hả,272
May quá tui về real ròi,273
ĐTC  B52 BBH HP ,274
bn này dân war 28th4 ,275
t từng nghĩ mình dân war ai ngờ là wax lông náck kh bt sao hồi đó làm dị dc mà kh ngại,276
Ko nha,277
đang lm ,278
Dân war là gì v,279
đọc cmt khờ luôn không biết dân war là gì,280
châm emm kì thị dân war,281
Kì thị 1 số ng trong dân war chỉ nghe 1 phía r nhào vô cắn,282
đã từng,283
dân war là gì v,284
dân con nít,285
xợ,286
hồi xưa mê luôn mà ,287
mèo kêu gâu gâu hướng dẫn e edit dựt dựt ik,288
2021 t là hotwar ở B52 và quen nhiều ng hotwar ,289
rủ dân war vào call mà ac ko vào ,291
t dân war trên ins trên tik thì kh,292
mấy con dân ửa dc cái ngôn dài mà bị ngta nói 1 câu là câm ,293
n gọc một thời ,294
trước bị bạn ép vào war mà vào r thấy rén rén nên out từ đó chả bao h liên quan đến nữa,295
hồi 2021 vào gr của LGBT hay đi war nhma t vào hóng  nếu bên kia sai thì nói giúp gr nhà vài câu còn bên nhà sai để 2 bên tự xử,296
aiphuong b có phải là dân ửa k,297
nhìn bà này quen,298
ai a,299
Phuong Linh ,300
ủa g còn dân ửa luôn hả,301
t đag bị dí,302
nhớ 2021 t dữ lắm,303
cháan,304
hãi dân war,305
B52 mãi keooo,306
Thời này còn mấy thành ph v à ,307
đr c,308
maithanh4384 nhớ lại thời lm dân war ,309
bon b coo từng k,310
rk nhớ 1 thời ko,311
2020 t là dân ửa,313
dân war nhưng biết đúng biết sai k phải bổ vào mà cắn cùng mới là dân war chí,314
dân war là j v,315
Trẻ con ,316
trau con mới lớn ,317
đến h vẫn kì thị,318
2122 một thời huy hoàng của t,319
Ngọc Linh mỏ hỗn nhưng cuti xinh gai hay coc bé xì tin thít ăn gà rán cat cuti vãi ò ,320
2021 t bị ửa quá trời  dí mà t chạy kh kịp ,321
quá khứ,322
Trước t trg b52 ,323
m khác gì ,324
kh nói b trong tus ấy,325
da,326
vui thoy,327
T có nhỏ bạn tự nhận nó dân ửa lúc nào nó cx gây chuyện vs ngt trc r bảo người ta muốn ửa hay gìHề,329
gặp là chạy đụng là mất,330
ceck chợ đêm r đấng tối cao đồ đó,331
war là gì v,332
dân ửa làm cho mxh ngày càng vui hơn ,333
ĐẤNG TỐI CAO từng là nhà t đó bây,334
dân ửa link face đây a chấp nè,335
từng cãi thắng dân ửa,336
dân ửa 20182019 thì gõ r nhây 20222023 sptreobot,337
1 Thời huy Hoàng ,338
lũ đú 2023,339
nhột ạ,340
nhìn 2023 coi lại 2021,341
giờ bị chị kia đòi ửa mới ghê  ,342
Trời ơi,343
đồng chí nào dân ửa ko ạ,344
Từng,345
thôi mà,346
ước bị dí war,347
2021 t từng làm dân ửa  nhớ lại hồi đó chụp ảnh selca như cớt,348
T từng bị dân ửa dí,349
úi úi tui hw lunn nee sợ bị kì thị,351
19 là t biết ửa r t cân cả bõ giờ xem lại k khác gì bọn trẻ chí choé mới lớn,353
CôCẩmLan Diệt Blonku x Bitele c này chỉ bá sàn mà chị spam không nừ ,354
kì thị nặng,355
Nghĩ đúng là tiếp xúc mxh năm 2021 đúng tệ toàn ửa,356
một thời ,357
một thời huy hoàng,358
đã từng 1 thời đồ cx có tiếng à,359
tolanhims vh baoyennn kìa,360
nhớ thời 20 21 war xong tí f5 thấy mấy em mấy chị người dùng fb ,361
Hả,362
 tr ơi hồi đó nhớ cái đợt của dtc với b52 ghê,363
tb ,364
bé luỵ wwar ,365
quanh dethuongg ai aii,366
t cx từng dành tg đi lm ửa rồi đi ửa như mấy a chj trog dtc,367
nói chung là t xin idea,368
bao g lớn,369
mặc kệ lũ war cho xinn tên nhạc,370
2021 mess t cả đóng box,371
2021 trùm ln,372
Ửa,373
đọc điều số 1 trong 5 điều Bác Hồ dạy,374
2021 t làm ửa  cãi thâu đêm suốt sáng ,375
2122 t ửa ác,376
mấy c nổ kinh phết ,377
Xin nhạc ạ,378
sắp ngầu r đó các cháu ,379
tao từng trùm ửa fifai,380
trung bình mấy em cấp 2,382
từng đi ửa năm 20202021,384
Đọc cmt t cười bò,385
chịu,386
giờ vẫn còn à,387
xin lỗi tôi ko nhá được,388
1 thời huy hoàng 2021 ,390
Là gì thế các cậu ,391
đú là jzayy tui k biết war vs ửa nhma t biết bb oba biết đó,392
mấy bạn oai quá,393
hồi đó t bị thêm vô nhóm 11 lần  t vẫn cãi lại 11 nhóm và h thì t vẫn sống ,394
Ửa reg box bot chạy ttspam ip call wall hộ edit vdsam giựt tung l chỉnh màu tím sángxanh sáng Avt mấy ac TQanime  mo Phat quá đủ rồi,395
từng th g t hướng nội,396
thua,397
ủa sao j thấy ce13 nhỉ,398
2021 2022 mới duii ,399
Thắng thì gáy thua thì kéo hội vào ,400
xin tên nhạc với ạ,401
từ năm 2021 cơ giờ bỏ roài,402
Xin tên nhạc,403
Còn có mấy cái gr dạy war các thứ nx Hài chúa,404
bà oi tui xin tên nhạc,405
 toàn bị mấy ac lớn add vào nhóm xong ửa,406
ư xl nha ,407
chips cmt nguyen cai ổ,408
T từng là dân war trong play,410
H vẫn còn,411
hồi 20212022 dân war có khắp nơi luôn có tao ở trỏng,412
1 thời,413
Từng là dân ửa_,414
Jessica tui vs bà,415
2024 vẫn còn ,416
1819 chỉ bt các idol gọi tớ  hw,417
có,418
Đọc bl thấy hơi bùn vì bị cban kì thị,419
em hỏi ngu tí ửa là gì aa,420
lần đầu bt dân war ,421
trc thấy ngta làm dân war mình cx đòi đú theo bị phốt xoá tk fb,422
dân war là cái gì thế ạ,423
t là dân war nhm t ửa con kia cái có ny lun mă òm ny t là anh của con t ửa,424
nghe nhạc này nhớ 2022 tập làm dân war,425
2021 dân war 2022 tricker 2023 tùm lum ,426
tốincoor quá mà dân war là cgi v ạ,427
tao không làm dân war mà vào làm thẩm phán tối cao,428
dân war là gì ,429
ngồi xem mấy c nhận mình dân war,430
học đc vài từ nghĩ mình dân war,431
Dân war là gì v mấy b oi,432
hôm trc bị mấy ac bảo là dân war r ửa mình,433
 k biết dân war là dân gì,434
dân wardân chiến tranh,435
t ko phải dân war gì hết t chỉ gặp ai mà ghét là t chửi hết tông ti họ hàng trong game trên MXH hay ngoài đời,436
Kì thị dân war,437
fb t toàn dân war ,438
tới h vẫn còn dân war nha bây tại t hồi đó cũng từng t bt mà t nghe 2 phía rõ ràng t mới cãi ,439
Dân war  đó giờ nghe nhân dân tệ của trung khủa chứ chưa bt dân War  chắc t là ng tối cổ,440
2020 t từng là dân war,441
ước 1 lần combat với dân war ,442
từng dân war,443
dân war chỉ đc cái mỏ th ,445
từng là dân war ,447
hồi 2021 dân war cũng vui phết,448
Dân war là gì vậy,449
kh phải dân war nhma dân hóng war thì có bé ,450
năm t 12t t cũng là 1 dân war h nhớ lại thấy hề kinh,451
dân war là dì dị t kh hỉu,452
từng là dân war,453
T từng là dân war,454
nic tao là dân war,455
lúc 2021 bị đám dân war 56 đứa thêm vào nhóm chửi qa trxong r phải quay ra cúi đầu xl t,456
kk trùm dân war ,457
t từng tự xưng mình là dân war,458
nhớ năm trc xem vd mấy ach nhận là dân war,459
dân war lông nách à,460
hồi đó t cãi lộn vs bà nào đó bả tự nhận bả là dân war r bả nói t đụng tới bả là k xg đâu,461
t từng là dân war nửa mùa,462
hồi 2020 tập tành làm dân war ,463
đã từng là dân war 2 năm ,465
Từng trong đấng tối cao ,466
war là gì zị chứ tui toàn call rồi xong nó k chơi lại thì là thêm bạn vô nhóm ,467
Parky là gì vậy,468
Là cách gọi của người tây người Mỹ gọi miền bắc  là bắc kỳ nhưng bọn tây nó nói nhịu thành parky ,469
Giờ mới biết,470
Đó là tên mà Thực Dân Pháp gọi để chia cắt Miền Bắc thời xưa  Ý chỉ Miền Bắc và Miền Nam là 2 quốc gia khác nhau,471
giờ Miền Nam vẫn chửi bắc mình nv mà k b bọn nó nghĩ gì nữa đến ạ,472
 Em xin ạ,473
Bác nhờ mấy ông tây nói câu bắc kỳ đi  rồi sẽ biết họ đọc là parky ,474
Theo mình thì parky không phải là một câu chui chỉ là một số người vn cảm thấy không thoải mái khi nghe người việt học theo bọn thực dân nói parky,475
Tây nội địa à,476
ngày xưa ko có miền Bắc vào giải phóng cho miền Nam thì bây giờ đâu có bọn này chung nước đâu bạn,477
Parky cũng là ng Việt cũng là đồng bào mà parki thì sao ăn của chúng m à,478
parky,479
Chịu rồi parky ơi,480
Này cô em parky nho nhỏ ,481
parky haha,482
parky này dữ,483
Cô Giáo bây giờ hiền thế,484
Bây h mxh đôi khi 1 lời nói cũng làm lụi bại sư nghiệp của con ng rồiđâu đánh hs như ngày xưa đc đâu,485
Giơ hơi quát mắng  hoặc có đánh con ng ta 1 tí thì mxh nó ầm ầm lên  thế lọ thế kia nên hs giờ nó k bít sợ ý bạn,486
Đánh mắng thì phuynh làm ầm ầm Rồi k dám la mắng hs nó hư hỏng cái bảo Thầy cô thiếu năng lực dạy k hiệu quả,487
người có học pải khác ,488
Nghe từ 2 phía chú ơi,489
cần gì xem 2 phía nhỏ mà thế còn gì để nói nữa dù cô có sai thì đã là học sinh nên tôn trọng cô,490
Kể cả cô giáo có nói thì cũng phải giáo dục lại tụi này nhé nếu là bạn dạy bọn này nó nt thì bạn có lên tiếng k,491
Hai cái gì Chưa nghe thấy thầy cô như bố mẹ à bố mẹ có sai thì con cái cũng ko đc hỗn,492
Thế cô sai thì học sinh có quyền đối xử với cô giáo như thế à Rồi là đi học làm người dữ chưa hay học làm quỷ,493
Ngta phải xem 2 phía để còn biết nắm bắt xem chuyện gì xảy ra ai sai ai đúng rồi còn đưa ra hướng giải quyết chứ như bạn xem từ 1 phía thì rất chủ qua,494
con đánh cha đánh mẹ do bị chửi rủa là đúng à Đây còn là học sinh cấp 2 mà đã thế này rồi thì k thể chấp nhận đc Hồi đi học cô thầy mà chửi hay đánh,495
thì cũng im lặng mà thôi kể cả mình đúng hay đi nữa thì cũng k đc có thái độ như vậy ,496
cần gì 2 phía k biết bạn có chưa Bạn ví con bạn mà nó chửi tay đôi với ném dép vào mình thì hiểu Dù người lớn có sai dfi nữa thì cũng phải nhịn thôi,497
Bạn hiểu mik đang nói gì koTrong trường hợp này thì cư dân mạng chúng ta là ng trung gian và phải nghe từ 2 phía mới biết ai đúng sai chứ,498
cô quát mắng chi bọn đi học thua những đứa k đi học đó rồi những bọn chúng k nên có thái độ đó rồi,499
Các bác phải về tận nơi sẽ biết cô giáo đấy ntn bác ạ  e gần nên rõ nét cô giáo lắm luôn ấy,500
Hoàng Anh ,501
Cô giáo mà giữ thì xác định bị đuổi mất việc,502
ngày xưa như này thì vừa trận đòn cô giáo về ăn nguyên compo bố mẹ phang nữa,503
Dữ mà b cô giáo cầm dày cam gót dí học sinh mà,504
nhưng có cam mà này đủ lý do để dạy rồi,505
Hiền j b Mình ở gần đây cô giáo này k đơn giản vậy đâu,506
Cô này k hề hiền luôn a ạ mà cô k thể chấp nhận được luôn ấy  hs như vậy là sai nhưng cô giáo phải ntn thì hs mới như vậy ,507
Tại con người ta giừo con vàng con ngọc rồi bạn ơi Thầy cô làm gì trịch ý là bị đình chỉ hazzz k như xưa nữa,508
Hiền thế mà còn bị các nhà giáo dục học kêu xem lại thái độ kìa,509
động vào là rách việc cái gì cũng lỗi giáo viên nên cô im lặng là vàng,510
Giáo viên có dc đánh hs đâu đc đánh thì mấy bọn hs chết với cô đấy luôn,511
Đụng zô thì lại con tôi ở nhà ngoan lắm  Nên để nhà trường giải quyết,512
Gặp cô dạy văn lớp t là thôi rồi,513
Không phải hiền đâu ai cug có lúc muốn phản kháng và hs với ph bây giờ nhiều người mệt lắm,514
Dám đâu la rầy con họ chame nó lên nhảy trên đầu cổ ấy bởi giờ làm gv ngán mình chả hướng con theo ngành nghề này,515
Không hiền thì mất nghề à bạn,516
Ko ai hiền đâu bạn ạ Chỉ là nếu có động cựa gì thì phụ huynh lại yêu cầu đuổi rồi có khi phải quỳ xin lỗi hs í nên giờ mới có cơ hội ntn,517
chứ giờ đánh nó 1 cái bố mẹ nó lên gào mồmtrường thì sợ mang tiếng lại bao che hs đuổi giáo viên thì chúng nó coi giáo viên ra gì đâu,518
ko hiền chúng nó lại kiện cho,519
đụng cải cả dòng họ kéo đến sao đánh con tui chửi con tui,520
Dữ là bị kiện đó b Phụ huynh bây h k thích cô giáo dữ đâu,521
Nếu ác mả lớp làm thế cô ác lên cũng khong lmj đc ý,522
Cô giáo bây giờ ko hiền thì bị đuổi việc  bị kiện  bị cả xã hội lên án,523
k phải hiền mà là sợ  mất việc pH chửi phụ huynh thưa đánh hội đồng ngoài đường nên giờ hết tiết đi ra hết giờ về k nói k động đến cục vàng,524
1 phần là do phụ huynh cứ hơi tí là kiện cáo 1 phần do gv ko chuẩn mực,525
bây giờ hở miệng mắng phát bay chén cơm,526
mafia_hocmon_07 văn hóa parky,527
Chia buồn với gia đình đợi xíu t đu càng vào thăm viếng,528
Gia môn bất hạnh gia chủ bất hiếu Chia buồn với gia đình,529
Bt rx bắn vào bồn cầu,530
m có khác gì đâu,531
parky haizzz,532
narky chả ai nghĩ gì bảo parky nhảy như bị đạp đuôi parky đáy xã hội,533
lướt cmt ai cũng cmt parky cay ko Cay hả Kkkkkkkkkk,534
sao dung ko namky hay narky Thấy ko sat thuong hả T chỉ cho dùng từ này nè Parky parky cay Parky parky Parky parky parky parky,535
Tại chúng mày thích được bố mẽo đặt tên nên quẫy đuôi thấy thích thôi,536
nhìn ava biết parky  sao tên m là parkykiki vậy parky cay t à nói t namky đi T có cay ko Sao nói parky cay dữ vay,537
Chúng mày vẫn chưa được phổ cập hết chữ quốc ngữ à nhìn đâu cũng ra bắc kỳ vậy lai máu cam và hoa tây có khác nhỉ bắc bọn tao gọi chúng mày là Lai,538
Khổ thân giờ nhìn đâu cũng thành vậy à con Lai có khác lai tí tây tí cam và hoa vào sang nhỉ,539
Tao chỉ thấy lũ nào cay suốt ngày lên mạng parky parky cái tên ấy bọn tây đặt bọn tao ko thích chứ bọn tao ko cay ai như chúng mày quẫy đuôi,540
thiệt ko cay ko  Ko quan tâm vào cmt cắn bậy kìa Lướt cmt toàn thấy parky ko Thà 1 ng nói ko sao cả xã hội lên án parky thì tự hiểu parky parky,541
cmt t tận 20 like cmt parky khác nhiều like quá ko đếm hết Thôi t spam parky tiếp Văn hóa parky rác parky đi tới đâu phá tới đó parky đáy xh,542
khét quá parky ơi ,543
xin chia buồn cùng gđ,544
có bố mẹ đâu mà chia buồn,545
bằng chứng,546
xem mà cayy thật đấy,547
chuẩn parky rồi,548
Ae miền j v tui miền bắc  nói parky  resport  block  bị phốt ,550
Miền Bắc not miền bắc ,551
Lười tí,552
Hồi xưa đi học xem thầy cô là cha là mẹ chưa dám cãi điều gì Còn bây giờ Thầy cô như bạn bè của học sinh chẳng có một sự tôn trọng nào,554
Mình đi dạy học sinh nó còn bảo em chào anh,555
mình đi dạy cũng thế học sinh kêu em chào chị trong khi học sinh 11t mình 26t,556
chuẩn mấy đứa hỗn với tào lao lắm ý đợt còn đi part time ức chế suốt luôn á,557
Hồi đại học có thầy trẻ mà lớp m ai cũng thích k ai dám gọi anh Vẫn 1 thầy 2 là thầy,558
Phải giải thíc cho hs hiểu bạn ạ mình 27t Mình dạy cấp 1 Cno gọi mình bằng chị Nhg mình bảo con phải gọi cô là cô,559
Cô đã ra trường Có công việc đàng hoàng Cùng là đồng nghiệp với các cô có tuổi ở trường Hơn nữa mọi ng gọi là cô giáo chứ có ai gọi là chị giáo,560
Từ hồi đấy k đứa nào dám ho he 1 tiếng chị nữa luôn ,561
ninja đọc cmt,563
Mình đi dạy học cno chửi vs đùa cợt suốt,564
Khổ Cố lên bạn ơi,565
Lắm lúc nghĩ mà muốn bỏ nghề lắm a  nma vì cơm áo gạo tiền vì con chữ mà phải cố gắng ,566
Trc t đi thực tập vào lớp cá biệt hs ngang nhiên ngồi lên bàn lên ghế nghịch dt nói k nghe k sợ giao viên đâu Kể cả cô giáo hướng dẫn mình cũng bảo,567
Riêng lớp này phiên phiến thôi e ạ cô cũngn chịu k bảo được Mình dạy hết trách nhiệm thôi đứa nào k học kệ nó,568
Bọn này chắc ra xh rồi mới thấm thế hệ 7x có vẻ nuôi chìu con quá,569
bố mẹ các cháu biết có buồn kochứ thời 9x đi học cô giáo chủ nhiệm điện về là bửa đó xác định quỳ gối rồi ăn đò,570
cá biệt thời xưa sợ thầy cô 1 phép luôndù cá biệt mhưng thấy thầy cô là rén ngang nha,571
Chuẩn luôn ạ Mình cách đây hơn chục năm đi học cá biệt đến nỗi mấy trường xã khác cũng biết mà chưa bao giờ có suy nghĩ như bọn trẻ bây giờ,572
đúng á chế chừ tụi nhỏ nông nổi hay cha mẹ bao bọc,573
Trốn học buổi sáng về nhà phải để kênh điện thoại k là cô gọi về nhà ,574
nhà mình là thầy cô đến tận nhà nói luôn  Bố chơi thân với thầy cô giáo nên con chưa về đến nhà nhưng ở nhà bố biết hết,575
Mình là ko dám về nhà luôn ý,576
trốn trốn rồi đói bụng cũng mò về nhà à ông lúc đó hay vậy đó,577
Toàn trốn lên ông bà vs đi vật chuối xanh ănôi tuổi thơ tôi,578
năm lớp 6 bỏ tiết đi net cô về bảo tận nhà về mẹ quật bằng dây điện hãi đến giờ ,579
Bạn tôi còn bị bố nó lấy xích cho trói tay vào xe máy cho nó chạy theo xe máy cơnó ko sợ mà bọn tôi sợ đến giờ,580
giống mình vậy ,581
Ngày xưa đi học thầy giáo vụt gẫy thước câu thước to bằng 3 đầu ngón tay Giờ trưởng thành nghĩ lại vẫn cảm ơn thầygiờ bố mẹ chúng nó đăng lên mxh r,582
Ở Tuyên Quang là ở miền nào nhỉ,583
văn phú sơn dương tuyên quang,584
trường này tôi từng học,585
e ở hồng lạc nè bt kh v ,586
tính ra là vụ cmt parky là lên VTV cả rồi đấy mà vẫn có một số người cmt,587
từ 9x đổ về trước nó chất thật sựkiến thức tuy k đc học nâng cao như bh nhưng luôn theo nội,588
quy của trường lớpbiết sợ thầy côđi học đầy đủnghiêm túcnói chung có nề nếp,589
chuẩn bn ơi tôi học GDTX toàn những anh tài chả sợ bố con thằng nào nhưng vào lớp thì gặp thầy cô im re,590
Chuẩn ạ Ngày trước đi học chưa cần biết kiến thức nạp vào có đc nhiều k nhg rất tôn sư trọng đạokể cả các hs cá biệt cg k baoh vô lễ với thầy cô,591
Cá biệt thời 9x với đầu 2x chỉ là đánh nhau với trốn học thôi chứ sợ thầy cô một phép,592
Bọn trẻ bây giờ nhiều đứa nó xem idol giang hồ mạng trọng hơn thầy cô nó nữa ý Thấy mà buồn cho chúng nó,593
tại bố mẹ mà ra hết hở tí là nói thầy cô ko ra gì trước mặt con trẻ thì nó sợ gì chứ như con mình cho thêm tiền cũng ko dám,594
gia giáo thế hệ trước tuy khắc nghiệt đòn roi nhưng con trẻ lại có nhận thức đối nhân xử thế hơn hẳn thời đại tiến bộ như ngày nay,595
Bạn nói đúng 1 nữa rồi đó kiến thức của các bạn 9x hồi xưa bài bản lắm do tự học á còn gì thì đa số dốt đặc cán mai,596
các phụ huynh cứ bảo  nó con nít thì biết cái gì thì xem đi ạCháu ở nhà nó ngoan lắmm,597
trên kia có ông 45 tuổi còn nói con nít biết gì việc này chắc chắn là bị xúi giục đấy tôi đến lạy các thành phần ấy,598
Ôi lớp 7 vẫn con nít biết gì  vs ổng 45 tuổi vẫn con nít nha,599
mườ mấy tuổi r các phụ huynh mà bảo con nít nx thì chịu bọn nhóc hết cứu r,600
ki luật hock xinh,601
cali  parky parky giận tím người kkk,603
Vừa hc tiếng anh cô cho xem trên face xong h lên cả báo,604
lên từ sáng rồi,605
Trẻ bây h manh động quá nhỉ,606
lớp cá biệt ngày xưa cũng k đến vậychắc xem mxh lắm quá học theo xong tưởng thế là ngầu,607
Hộ vid mới vói,609
Chịu mấy bố cứ nói parky Thế mới đây vụ ở chỗ nào bên trong đấy ông nào giett 4 người giấu cả tháng ra dòi luôn mà  liu liu,610
mấy anh chị lớn đấy,611
Đây là hồi chuông cảnh tỉnh cho nền giáo dục của nước nhà Những mầm non là tương lai của đất nước mà hành xử vs ng dạy dỗ mình như thế đấy,612
Do sự dưỡng dục của bố mẹ thôi Bme dạy dỗ hẳn hoi con cái n có nề nếp Đây là do bme k nghiêm khắc con mới thế,613
chuẩn đét luôn giờ sơ hở là tôn trọng sợ tổn thương ,614
Trường mình,615
bọn nó comment parky cứ kệ đi một hồi bọn nó thấy ko ai chú ý nx thì bọn nó chán thôi,616
thời xưa nghe cô doạ đánh là sợ rén ngaythời nay cô đánh về nhà mách mẹ riết rồi k còn biêt sợ cô sợ thầy,617
Tuyên Quang luôn á chỗ nào Tuyên Quang vậy,618
sao ai cũng nói parky namky là sao nhờ  túi chả hiểu ,619
ở nhà cháu nó ngoan lắm,620
có điều cháu ít ở nhà ,621
để đi báo mấy bạn ,622
tốt,623
lớp 6 lớp 7 thì ko thể như vậy đc như trang giấy trắng cách quản lý của nhà trường thái độ của GV,624
đẹp mặt tuyên quang,626
ủa parky là gì vậy ạ,627
T làm gv hs k làm bt còn hỗn t doạ gọi cho mẹ thế là n bảo đây e đọc số cho cô gọi nhanh e gặp mẹ cái Lớp 3 ,628
tr ơi hôm mấy đứa lớp5 tạo gr chửi em gái của em nè chị xong em nhắc nhở gọi gvien mà tụi nó còn chửi cả em,629
Minhf dạy lớp 5 hs đánh nhau mình còn chưa xử lí gì bảo mời phụ huynh vào Về ghi âm chửi cả cô giáo đây Con nít bây giờ lạ lắm,630
vâng hôm còn nghe mấy bé mẫu giáo chửi nữa cơ trẻ em giờ nó hư từ bé và không tôn trọng ai luôn ấy ạ,631
chuyện gì xảy ra tiếp theo ạ cô kể em nghe với,633
Ra về mình gặp mẹ nó nc riêng mẹ nó bảo cháu nó tính nthe cô thông cảm chứ mẹ cũng không nói được,634
Ôisợ hsinh luôn r,635
lớp 3 láo thế thì do gia đình,636
bạn t làm gv có đứa còn bảo cô có thích ông nội con đuổi cô ko trường tư có tiếng hn,637
Cho nó lên sân trường giờ chào cờ là sợ liền,638
nó k sợ đâu b ơi đứng trên đấy mồm còn cười toe toét xog xuống ghê lại chả khoe  t nổi tiếng ở trg r,639
Do gia đình cả thôi,640
trời ơi  con mình mà nói câu này là xác định nhấc ng ko nổi nha con,641
Bh hs nó nhu hồi m đâu c Nhỏ xíu mà tục tiêu lắm,642
tui ở nội tuyên quang nè ,644
parky là cgi v,645
t ở Tuyên Quang nè,646
ahtraniee_ tuyên quang,647
Giờ phụ huynh bênh con lắm nên đi học toàn ôg tướng bà tá cả  Chả bù mk thời xưa sợ thầy cô lắm chứ h nói nhẹ cái chg nó bật hơn tôm,648
hỏi thật sao mọi người thích nói parky và mankyky thế,649
Ở Sơn dương tuyên Quang gần chỗ tôi luôn mà,650
đẹp zai có j sai mất kiểm soát ,652
z mà phụ huynh lại nói  con tui ở nhà ngoan lắm,653
Tớ ở 22 Tuyên Quang  Na Hang nè,654
đáng buồn trẻ em hiện nay và 1 số không ít thành phần não cặc miền nam đang chửi miền bắc,655
cho em hỏi học ở tuyên quan được bậc lại cô giáo ak,656
xưa lớp t lớp quậy nhất khói cúp học kéo nhau lên khối trên đánh nhau nhưng vẫn sợ giáo viên mấy bậc luôn hs bây giờ ảnh hưởng internet nhiều quá,657
parky là j v ạ,658
Ai giải thích cho mình parky là j k ạ,659
 Thanh_Trucz  cụng là 7c ,660
Tôi ở tuyên quang nè,662
santa 7 ,663
Bé em ở nhà ngoan lắm mà ph đâu bt là nó ít ở nhà,664
khoan phán xét nhacô giáo dạy nhạc nghe quenphải nghe từ nhiều phía nha,665
Parky là cái gì vậy ạ,666
hóng cái kết ,667
tội thật sự rất nóng mắt,668
thế thì cogn j là kỉ niệm cấp 2 nx,669
 bà tuyết chuẩn bị,670
lớp t cx sắp lm thế vs bà dạy toán r đấy,671
mấy em cháy waaa,672
parky là gi mà ai cũng bl dậy,673
Ngày càng loạn ,674
Nguyễns muns 1304 hết cứu,675
mik xem gốc xong lấy lm tư liệu thuyết trình luôn,676
Bo may chiu r,677
Rồi lý do là j ,678
ối giồi ôi quê t ,679
trườnggg tuii,680
4 năm gắn bó trường này,681
Ngày xưa bị gv đánh còn k dám về nhà mách sợ bố mẹ đánh hơn,682
rosie ôi lớp c,683
quá khét,684
ôi trường tôi từng học,685
cô sốc,686
nhìn comment bất lực quá,687
Phan Duy Huynh Sơn dương của a nè ,688
hồi đấy cô mắng sai mà t còn k dám ho he ,689
huyện sơn dương chỗ tôi,690
sợ thật,691
cô tôi coi đc xog kể với lớp có vài đứa coi bản gốc nghe nói có câu  MÀY BIẾT BỐ MÀY LÀ AI KHÔNG,692
Chịu rồi,693
Chỉ thấy thương cô vô bờ bến ,694
lớp t gọi cô là mẹ,695
đấy học trò là trung tâmko được mắng quát hsko được giao bài tập về nhàko đc kiểm tra bài cũ hsôi zơi,696
Tớ sẽ fl cả tik tok,697
nguyenbac nghe kĩ coi huyện chi đó,698
hết cứu hs,699
Ko hiểu học sinh thời nay nghĩ gì nữa mong phụ huynh học sinh xem lại dậy dỗ con cái mình cái,700
lúc đi học nói thật vẫn sợ thầy cô hơn cha mẹ,701
ai biết conmen păc ki nam kì chắc biết chữ nhỉ,702
Woww ,703
uaủ,704
nice,705
woooowcool,706
lớp ca biệt ngày xưa cũng chưa dám ho he động đến thầy cô luôn mà h mới ty tuổi thế này rồi,708
Parky là gì vậy mn,709
là bắc kỳ trung kỳ nam kỳ  do người Pháp áp đặt cho đất nước thuộc địa nô lệ,710
có trung kỳ luôn,711
có trung kỳ luôn hả bà ,714
Par ky đọc thử xem,715
10h30 bắt đầu dạy thì lấy đâu ra tiết tiếp theo,716
NhueYi Hết mê THN đổi tên đọc cmt mà tỉnh ,717
ngocanh300706 vụ j,718
 sơn dương  sao mình kh bt nhỉ,719
hlynh lớp 7c,720
Hồng Vân phải ko,721
Trangbuy  cứ giống ôg giag trường mình nhể ,722
Nhớ nhé,723
Có phải đâu ,724
Tuyên Quangg nè nhma t ở Xuân Vân,725
 quê tau,726
chịu bó tay,727
cũng ở tq 7c nhưng trường khác,728
T ở sơn dương đây mà ko bt chuyện j,729
Thu Thủy  lại 7c,730
ai là phụ huynh của em áo đen vào nhận đi ạ  Em ngoan quá ạ,731
ở Văn phú,733
Vũ Thuý Nga bé mèo cute Sao lại là 7C ,734
cái vụ này tôi bt,735
ko muốn đi học luôn,736
Meish rén chưa,737
7C ,738
Hanny 7c hahaa,739
6A ,740
bé tý tuổi đã vậy rồi tương lai,742
Tôi k tin các bé có thể tự hành động như vậy Liệu có kẻ nào xúi giục không hs nhìn thấy thầy cô là sợ rồi,743
Cô giao cũng hiền quá ngày xưa đi học cũng có cô giáo kiểu hiền tắc lơ nhiều lúc chửi bậy đi ra ngoai cô cũng kệ k nói j,744
Rất tiếc cô này k hiền,745
Nếu k hiền thì ngược lại hsinh phải sợ chứ trc tôi đi học cô nào ghê  thằng nghịch nhất lớp cũng phải sợ ngồi in,746
Cô này ở nhà chửi bố Ck kinh dị luôn,747
sao biết hay vậy,748
Vì gần nhà teo cả làng cả xã biết cô còn nhiều vấn đề lắm,749
m trốn trong gầm giường à,750
M vào fb T cho m xem,751
xem m trốn trong gầm giường á,752
hay m là mẹ của đứa nào trong đây vậy là bọn này chửi cô giáo vì muốn đòi công bằng cho bố chồng cô à,753
Trong 3 clip ko thấy 1 cái mày tao không có 1 cái văng tục đối với bọn hs như trên Ko chửi cũng phí,754
Cô có hiền hay k thì hs có hành động ntn là k chấp nhận đc lại còn trong môi trường giáo dục nữa,755
nói trên núi thì tự ái suy nghĩ khác ng,756
Đấy là vấn đề cá nhân của cônhưng nhìn vụ việc này thái độ hành vi của học sinh là ko thể chấp nhận đc,757
Facebook em là gì vậy,758
Nghe tin túc thấy cô này chưởi học sinh mà chửi bậy nha,759
Thế thì lại ko nghe nhà trường nói rồi bạn ơi cô này những lần trước nói tụi học hs nhà lần này nói tụi nó mới thế á,760
m tin t báo ca k,761
Tự nhiên T thành kẻ buôn chuyện chúng m ạ,762
con của mj cũng có trong đó phải k,763
M thấy T nói gì chưa n bảo cô này hiền T bảo cô K hiền,764
K hiền k phải cách các bố các mẹ dạy các con phải hành xử với cô giáo như vậy  Dạy con dạy trò là cô k tốt ở nhà thì học sinh k đc coi trọng à,765
Ủa alo thấy T bênh học sinh chưa,766
Thì mk có nói bạn bênh học sinh hay gì chưa  mình đang nói quan điểm mà ,767
k hiền là được mất dạy hả,768
Hiền cho tụi bây lên đầu nta ngồi à  Họ có ntn thì cũng phải xét theo từng tình huống ai đi chụp mũ như vậy,769
Có con hay cháu trong clip nên muốn tẩy trắng ak,770
M quê ở đâu mà bảo T tẩy trắng T K bênh ai nhưng về tận nơi mà xem,771
Thế M có xem 2 clip hs ném dép với chửi cô giáo ko chưa cần biết cô giáo ở nhà thế nào nhưng hs như vậy người ta nói M lại bảo do cô,772
Thế m lại xem được các clip khác chưa,773
Với điều quan trọng T K nhắc gì cái việc học sinh đúng cô giáo sai m đọc lại cái hộ T cái,774
T xem hết rồi  và hs đi học cắt tóc khá bảnh mang đt quay clip mà bênh,775
T bênh chúng nó ở chỗ nào m đọc lại từ đầu T trả lời câu hỏi của ông kia hộ t,776
ngày xưa ko có đt quay b ạgiờ cô có bạt tai cái thì lại mất việc,777
ko phải hiền hay ko thầy cô bây giờ phụ huynh coi như ôsin rồi nên giờ xh nó mới suy đồi vậy chỉ sợ phụ huynh kiệnđúng cs giờ chỉ có ăn đâu có học,778
Đúng thật là k phải hiền hay kmà mxh giờ phát triển nên nhiều hệ luỵxưa toàn ước đc chủ nhiệm cô nào hiền hiền,779
hẳn là osintổ chức từ t hiệu trưởng xuống giáo viên thời nay có khác nào ăn cướp tiền của phụ huynh klạm thu đủ thứPhụ huynh oằn mk nuôi các cô,780
Làm gv chưa mà nói Giáo viên đi dậy k được cấc nào đâu Còn nếu thấy gđ k đủ khả năng chi trả thì cho con nghỉ ,781
đầu năm giờ bao vụ lạm thu tiền rồi đã đọc chưatiền quỹ lớptiền quà cáp các cô đòi công khaibao vụ rồi9 bỏ làm 10 vì conchứ các cô giờ có đơn giản,782
Chính vì thế mới loạn cái môi trường giáo dục nhưng lại cho con mình luôn đúng thì giáo dục gì nữa cô giáo đi dạy luôn lo sợ phụ huynh bê lên mxh,783
rồi đi dạy k đc cắc nào thế đi vì đam mê à,784
 bạn xem có cô giáo thầy giáo nào ăn 1 xu ko bạn thử nghĩ lại xem bạn đi học hiệu trưởng dậy bạn ngày nào trưa bạn nghĩ kỹ đi rồi nói,785
T cũng phụ huynh thui B t làm gv đây trường tư k nói chứ trường công họ k được tí nào đâu Toàn là nhà nước thu thui Cái sai của gv là k phổ biến ro,786
Lg gv thấp mà chứ k đc cắc nào từ lậu Gv chỉ có dậy thêm mới giàu thui chứ gv âm nhạc hay đạo đức thì k có gì đâu b,787
các cô ăn tiền học thêmcác cô tổ chức cho học thêm ngoài giờ đứa nào k đăng kí đì cho khỏi ngóc đầuRa đề ktra toàn kiến thức học thêm thế là k ăn,788
 bạn là nhất chắc tuổi thơ tuổi hs của bạn vui vẻ lắm chúc bạn luôn vv,789
chịu hỏi thì trả lời chứ quay ra tự áiT nói toàn cái ai cũng đã được đọc được trải nghiệm khi làm phụ huynh chứ chưa nói thần thánh để là nhất,790
các cô môn phụ thì đành chịuchứ các cô môn chính thì cực giàumầm non thì các cô khổ hẳn còn từ tiểu học thì các cô làm giàu thoải mái,791
 có khi nào bạn đọc song bạn hiểu 1 chút j ko hay chỉ là cảm giác hơn thua bạn biết giờ cấm học thêm tại nhà kokhi gv dậy thêm học phải như k,792
bạn biết sao hiệu trưởng lại luân chuyển ct liên tục mà ko phải giáo viên kobạn tìm hiểu kỹ đi nhé,793
rồi là ai hơn thua nàotùy bạn ý bạn cứ giữ ý kiến của riêng bạn thôichứ ai nói đc đâu nào,794
Ngày xưa m có đc đi học ko,795
rồi m có được đi học không,796
hiền khỉ giò thử động vào chúng nó xemnhà đây 3 giáo viên1 hiệu trưởng đây thừa biết,797
lỗi do phụ huynh nhiều thứ nhất là không rèn con cái đến nơi thứ hai là bênh con nếu GV họ nghiêm khắc quá thì phụ huynh lại làm lồng lên,798
Haha ko hiểu vấn đề rồi cô này chưởi tụi nhỏ kiểu văng tục á nên tụi nhỏ mới vậy,799
tốt thôi hãy dạy con m văng tục khi m văng tục vs nó khi ông bà văng tục vs nó khi ng lớn văng tục vs nó và con m sẽ cực kì ngoan,800
có đánh mak đánh k dc,801
ko hiền thì làm j bạn đọng vào chúng nó là bố mẹ nócộng đồng mạng cho mất việc luôn,802
ôi bạn ơi kj số bn nó cx có bm có quyền sử ép giáo viên thì ms tức nc vỡ bờ như này,803
Chưa xem cái trường hợp cô giáo lỡ đánh nhẹ xíu gđ hoc sinh vào làm ầm ầm à chưa nói đến MXH công kích nữa,804
ở ngoài barky à,805
Chia buồn cùng gia đình bạn,806
parky thì nói parky k lẽ nói namky  đẹp mặt parky,807
chịu ông,808
Miền bắc bắt đầu học theo cái thói láo của bọn namky rồi đúng là bọn namky ra đây là ô nhiễm miền bắc haizz,809
T k phải phản độg t ghét bọn namky vì bọn nó nói bọn t thôi,810
ở đâu cũng có người này người kia thôi bạn ơi phân biệt vùng miền là tiếp tay cho kẻ xấu chia rẻ đất nước đó ,811
Ở nước VN này chỉ có người tốt và bọn namky thôi,812
hi vọng bạn có cách nhìn khách quan hơn về vấn đề này Mình gốc Bắc bạn à,813
để cờ nước nhưng cmt lại là việt cộng ,814
Sao thế namky,815
 nghe mà ngao ngán,816
T thấy toàn bắc vào nam chứu ít ai nam ra nơi khỉ ho cò gáy cả,817
vậy chắc bạn chưa bao jio ra bắc hả chắc ở trong miền nam nghèo nên ko có đk ra bắc hay gì mà nói ngoài đó khỉ ho cò gáy má,818
Mắc gì t phải đi ra mấy cái nơi gọi là ô nhiễm không khí thuộc top tg  trong khi hcm là nơi phát triển bậc nhất VN Ạ,819
há há hcm đâu có ô nhiễm không khí trong lành lắm đó fen ,820
Ước được lọt top như ai kia ,821
thiết nghĩ trải nghiệm với bạn về người Nam không tốt Va chạm và môi trường lớn lên mỗi người sẽ ảnh hưởng ít nhiều đến tâm trạng và tính cách,822
Với tôi hòn đá ném đi thì hòn chì ném lại,823
với tôi chỉ là ếch ngồi đáy giếng và ngựa non háu đá thôi,824
Tuỳ bạn nhưng muôn đời sẽ k bh thay đổi,825
không nên đánh đồng khi chưa  đủ  chào bạn ,826
đổi avt đi r nói thếtự huỷ đấy cu ạ ,827
Huỷ sao được,828
Mày phải động à,829
nói hay lắm bạn parky con mãi đỉnh,830
Namky con hét to lên,831
đrui hơn loại m nhiều chút,832
Mình mà là ck cô giáo Việc đầu tiên là viết đơn lên PGD và sở GD Sau đó báo công an và nhà báo,833
Trước xem Clip chị gái làm cô giáo bị HS chửi hay làm gì ấysau e trai tức đến cổng trường nện cả lũ mới trị đc,834
Tiếp đến là viết đơn gửi nhà trường đuổi học tất cả các em học sinh có tham gia và ghi vào học bạ,835
dễ đuổi,836
Vợ ô phải như nào với bọn học sinh thì cno mới lên cơn nthe chứ ai tự nhiên cno quây vào xong chửi loạn v gvien khác sao k bị ,837
ghi học bạ làm gì cái học bạ ấy chẳng có tác dụng gì cả  bao giờ màViệt Nam phải có trại giáo dưỡng như bên mẽo thì mới oke,838
Ông chắc chắn đẻ được đàn con như lũ trong video r chúc mừng gia đình,839
Cũng chẳng phải gv như nào riêng những thằng ngỗ nghịch ngang ngang là bạn bè n adua nhau làm theo thôi Tuổi này chúng n ngang lè lè  bố mẹ cũng đ,840
cno làm vậy đương nhiên là sai nhưng cũng k thể phủ nhận là gv k có lỗi dc cả lớp như vậy là phải có tác động từ hành động hoặc lời nói của gv,841
Công nhận Vào cái trg kiểu dạng cho mất đứa cá biệt thì thầy cô nào nó cũng làm trò mất dạy v thôi Nhìn mấy đứa trong video là b rùi,842
T mà đủ trình độ giáo viên t cứ góp ý thẳng với phụ huynh ph k rèn đc đến trường t cứ dã thẳng vào hạnh kiểm cuối năm là biết lễ độ,843
Ôi giờ trẻ con xem mất clip độc hạiđầu nó ngáo hết rchỗ tui có tụi lớp 67 chuyên đi ném đá vào ng lang thangmà họ k lgi tụi nhỏ cảtệ lắm,844
sau này có cơ hội vào làm vị trí chuyên viên của inter Microsoftnếu học bạ bẩn từ thcs trở lên ko nhận nhé bạn,845
bme mắng ô dc phép đánh bme à,846
vẫn đi dạy cho toàn bộ lớp điểm 0 hết,847
thế là bme mắng hay có đánh thì các con cứ chửi lại vs ném dép vào bme nhé sau dạy con thế nhé k phân biệt lớn nhỏ,848
chắc là đc phép ném dép vào bme luôn đó b,849
mắng đúng và mắng sai nó khác nhau  có vde về đọc hiểu k vậy bạn mình k bảo hs đúng nma khi xử phạt hs xong thì cũng nên điều tra 1 cách công bằng,850
thế chắc con ô bme mà chửi thì chửi lại bme ném dép vào mặt bme luôn nhỉ nhân quyền,851
xem gv đã làm gì để cả lớp như vậy,852
thế bme mắng sai cũng đc cãi lại đúng k k cần nói bme đâu chỉ cần là ng lớn như ô bà ng thân thôi được phép ném dép vào mặt ng lớn đúng k b,853
 như nào cái lũ này ở nhà chắc bố mẹ chiều quá chứ như nào hiền quá nó chẳng nhảy lên đầu lên cổ chứ sao,855
Cá mè một lứa,856
Khổ Thấy cô vừa bị kỉ luật rồi  chẳng hiểu nổi kiểu j Nhìn thương cô thật sự,857
cô như vậy mà bị kĩ luật thì ko còn ai giám vô nghề này nữa  lương đã thấp còn áp lực đủ thứ ,858
Cô ngay cạnh nhà acô này ko ra gi e ak,859
cô sao thế ạ,860
ko đc làm vậy rồi tụi nó quá hỗn ,861
cô ko ra gì thì phụ huynh nhà trường xử lý hs như thế bênh gì bác,862
phụ huynh mấy đứa láo toét kia tẩy trắng à ko ra gì hs đc làm thế à,863
Bởi k ra gì hs nó mới ghét,864
cô này bị kỉ luật mấy lần vì có hành vi lăng mạ học sinh và phụ huynh rồi sự việc ko đơn giản như trên video đâu,865
kể tiếp đc ko a cho e hóng với ,866
Cô k ra gì mà trò vậy ak,867
cuối cùng mọi lỗi đều đổ lên giáo viên,868
thời này vốn thế bạn ạ luật bảo vệ hs thì đống còn luật bảo vệ giáo viên thì đếm trên đầu ngón tay cô đấy mày đánh học sinh phát thôi là hơn cả kỉ luậ,869
Ơ thật ạ Cô nhắc nhở vậy mà bị kỉ luật ạ,870
Sao lãh đạo ngành ko ai bênh vực mà lại kỷ luật cô,871
cho cô kỉ luật thì lũ học sinh này nó sẽ ko biết nó sai ở đâuvà nó sẽ tiếp tục làm v với thầy cô và người khác thật ko thể hiểu nổi,872
Nghe bảo từ tháng 9 cô giáo đã nói với nhà trường việc các bạn hỗn hào rồinhưng đều bị khước từ và còn có hành vi đe doạnhắc cô Haiz Sáng đọc báo,873
xao k ai tim video vậy để cho video lên xu hướng để cho làm mấy đứa học xinh đó đi xin lỗi cô đi,874
lên sao dc  lên thì trường nó cũng tìm cách lấp thôi chứ k thì hiệu trưởng mất ghế,875
Xin lỗi gì nữa gia đình các e cũng k ra gì đâu cho nghỉ học hết nhà trường không đào tạo đc đâu về nhà nuôi,876
Không có ý kiến mà vẫn mửa dc ra câu không có lửa sao có khói lại còn người từng trải ,877
Lửa là cô nhắc vào lớp  ko cho ra ngoài hay trong giờ học bất đồng với cô rồi bốc khói cả lớp trai gái quây cô chửi cô vậy à b,878
Mai mốt có đánh con cáir nó đánh lại thì thiên hạ họ củng nóik có lửa s có khóiđó nghe,879
đây là clip xác minh của báo người lao động tôi đã xem clip khác trc gàn cả ngày rồi,880
lửa là chửi láo vs cô luôn à xem video gốc xem chúng nó nói gì nhé,881
ms đăng mà lo j,882
ducthangg parkyy,883
Các em lớn lên sẽ như thế nào nhỉ,884
Ngô Thiên An  lúc xinh lúc 6 ,885
Anh Hípp Hg Đc Thiên Phòng sadboy BGH Zues  lớp min này,886
NCCông,888
k biet choi tiktok,889
thị May ,890
HTrangg,891
hướng nội ,893
be oi,894
Khánh ly Ngọc Mai,895
ngân,896
V ,897
Dungpham,899
Phươgg Bốngg  Bông Cải Trăng BôngCảiBắp Bông Cải Cúc,900
Dũngđzs1tg,901
Mai Phuong,910
Vương_74,912
mừng2006 ,913
Dưnn NgHann 7c,915
Minh Nguyệt,916
N G T R U O N G,917
ntiên,919
 phanh,921
huongjp22tq,922
Nguyễn chi,924
lee33456 ,926
Hùng Akira,927
Thuy Vy,928
Nhienz  thuday,929
ᴀɴʜ_ᴛʜᴏᴡ,933
Hải Binhh 7đ toán đổi tên,934
Thuỳ Anh ,936
Hoàng Thế Anh,937
Rồi ai đúng dị,940
bạn nam học sinh,941
cô giáo ba ơi,942
Bạn nam đúng nha Sau it is là một danh từ số ít thì phải có giới từ a nếu chỉ số nhiều thì phải thêm s hoặc es,943
mình mới xem anh kia ảnh bảo gv vẫn đúng nhé nma tuỳ ngữ cảnh và chúng ta không viết ngữ cảnh là gì nên không thể đánh giá được ạ,944
có một số trường hợp sau to be vẫn dùng được danh từ không đếm được ạ,945
Tiếng Anh có cái giới từ a hả _,946
ai bảo b its safe k cần mạo từ a,947
và đối với N k đđ dùng is k cần mạo từ b ạ,948
ai chỉ b v ạ,949
nhớ vậy á,950
Danh từ ko đếm dc thì thêm ses vs aan kiểu gì ,951
its safety ko sai vì safety là N kdd v nên có thể lượt bỏ mạo từ Its  Nkdd về lý thuyết là đúng còn về ngữ cảnh thì k ở trong lớp nên 0 biết,952
cũng giống tui nhớ nhớ quên quên nên không chắt chắc chắn lắm,953
cảm ơn nha làm cho tui nhớ lại chút bài học,954
ai dạy mà kêu ông nam đúng z,955
Ko phải cái nào cx là thêm a đc đấu bạn ạ,956
Cô giáo ạ,957
Cả hai đều sai,958
Anh kia dạy ielts nhận định ai cũng nói có ý đúng có ý sai chả ai hoàn toàn cả,959
ai đã đừng tranh luận với giáo viên lâu năm sẽ hiểu khó ăn lại lắm ,960
mâu thuận với PH với GVCN nữa kìa,961
Chỉ mún bít ai đúng,962
k ai đúng,963
S  be  aan  danh từ đếm được hoặc danh từ chia số nhiều S be  danh từ không đếm được VD I am a doctor We are doctors It is fashion,964
Còn tuỳ ngữ cảnh nữa Chẳng hạn người ta hỏi whats a table xong nhận đc câu trả lời là its fashion  kì lắm,965
Bạn nói đúng chỉ có danh từ đếm được mới k được đứng tro trọi một mình,966
Cô Tuyến nè  cô hơi khó nhưng cô tận tâm m dạy giỏi lắm Từng học cô môn TA6 ,967
Yes cô dễ thương mà cô khó là do cô có tâm với nghề với dạy genz phải như cô học cực tốt luôn,968
xem full clip thì cô chỉ nói Its  N là đúng bạn sv thì cứ khăng khăng là cô sai đơn giản vậy thôi trứng đòi khôn hơn vịt thôi mà ,970
Chuẩn vì không biết ngữ cảnh nên không thể nói cô giáo sai được,971
Safety là danh từ không đếm được thì cô đúng,972
đáp án lm j có safety,973
safety là cô ấy đang lấy vdu cho be  N của mk là đúng,974
thực tế k ai dùng nhưng ngữ pháp là đúng,975
cái này mình chưa thấy baoh á  chỉ biết về ngữ pháp là đúng,977
 Dùng đúng ngữ cảnh là được mà Quan trọng là ngữ cảnh nữa,978
Hợp lý đồng quan điểm N kdd thì ko có mạo từ vào nữa,979
Sai nhé không ai dùng như thé hết Thà nói it is safe It is a safety measure chứ ko ai đi nói it is safety cả Chữ beauty cũng v,980
but về mặt lý thuyết be  N kdd thì k cần dùng mạo từ vẫn chấp nhận dccòn mình k xét về ngữ cảnh và ngữ nghĩa vì its safety dịch ra nó rất là kỳ,981
còn mình thấy lý thuyết Be  Nkdd k cần dùng mạo từ m be  N cũng chả có j sai cả,982
Nói chung phụ thuộc ngữ cảnh r chia mạo từ or không mà tranh cải chi cho mệt v ta,983
đấy đâu ai muốn tranh cãi 2 bên nhẹ nhàng lại với nhau là ok tại mn cứ kêu cô là gv mà sai lý thuyết nên mình mới chia sẻ,984
Giả sử phải dịch thì its beauty  đónó là cái đẹp còn it is beautiful  nó đẹpkiểu kiểu vậy Safe cũng v,985
Nếu v thì bạn phải bổ nghiaz bằng một mạo từ athe beauty Bây h lên internet search thử đi Để it is beauty ko ai viết v đâu,986
It is the beauty It is the security It is beauty It is security Tất cả đều đúng nha,987
H tìm thử tui một link trên internet nào nói it is beauty đi rồi nói tiếp Cho dù đúng đi nữa cũng ko ai xài Giáo viên dạy kthuc phải thực dụng chứ,988
it is beauty ko ai dùng là thật nhưng nó vẫn đang đúng ngữ pháp chứ k hề sai ngữ pháp nhé,989
Cái vấn đề ở đây tui ko quan trọng đúng hay sai Vấn đề là câu này ko có ích j cho hs Mà khi hs dùng sẽ bị nói là weird nữa,990
Làm giáo viên phải tích cực dạy những j có ích chứ Dạy những câu này mốt ra ngoài nói ngta cười cho,991
topic trên của bạn sv kia đang là đúng hay sai thì rõ ràng là gv đang đúng mình cũng đang nói tính đúng sai k phải thứ k áp dụng thì là sai ok,992
câu chuyện cũng giống như cái video cách đọc orange juice đấy  kiến thức đưa ra là đúng nhưng mn ko dùng nhưng ko thể nói kiến thức sai đc,993
 Không liên quan nhưng vẫn tồn tại cái app tên là its beauty đó bạn,994
Này phụ thuộc vào người hỏi muốn hỏi gì Chứ người ta hỏi how mà đi trả lời its beauty là trớt quớt đó ,996
Thế bạn trả lời giùm mình sự khác biệt của its beautiful và its beauty  có 2 câu như này thì ắt hẳn cách dùng khác nhau,997
 Có cái app tên là its beauty trên appstore nhé Ib hỏi người ta sao đặt tên thế kìa,998
Haha  Its beauty để diễn tả it là vẻ đẹp Vd whats on your face Its beauty Nghĩa là có sự xinh đẹp trên mặt cô gái It ở đây là sự xinh đẹp,999
How is the weather there Its beautiful Ở đây it ám chỉ thời tiết và nó có tính chất đẹp,1000
Trong ví dụ của cô giáo người ta đang giải thích lí do dùng email nên ko thể dùng its security Vì email và sự an toàn là 2 khái niệm khác nhau,1001
 Bạn ơi bạn đang lái chủ đề rồi T và bạn kia đang nói tới cái khác k phải là cái trong ví dụ cô giáo kia bảo,1002
 Rồi thì t có nói ai sai ai đúng trong video không vậy bạn T nói về vấn đề khác với bạn kia mà bạn,1003
 T không biết bạn kia xoá comment hay chi nhưng lúc t rep bạn kia nói its safety là sai không bao giờ dùng trong khi nói,1004
chẳng lái chủ đề có người dùng its beauty thì ko phải lúc nào nó cũng đúng Phải tuỳ vào ngữ cảnh vì its beauty and its beautiful khác nghĩa,1005
 Thế đọc comment khác của t trong bài đi T rep bạn khác vẫn bảo tùy ngữ cảnh rep từ lâu rồi nhé Chưa đọc hết mà đòi đánh giá cái gì,1006
Bạn mới lái chủ đề thì có tui hỏi sự khác nhau giữa beauty và beautiful tự nhiên gửi cái link Tui có nói là ko đc xài its beauty đâu ,1007
 Bạn thắc mắc thì t nói luôn là hỏi người ta là ib mà hỏi thằng tạo app cho chính xác T nói bạn có nghe k tới comment cũ của t cũng chả đọc,1008
Nói thế thì chịu r ,1009
Bỏ aan hay the cũng ko sai đâu nhé,1010
 Dô tầm ngắm cụa cô r đợt này qua môn hơi căng ,1011
Bn này nếu nói vs cô vậy thì qua môn là chuyện thường thôi,1012
Tuổi trẻ háo thắng Tranh luận để tìm ra câu trả lời hợp lý 1 trong 2 bên quá bảo thủ thì ko nên tranh luận nữa Ai ko kiềm chế được cảm xúc người đo,1013
Hồng Hải học chung đssc là bữa hít đc giống dì nè,1014
Sợ nha má,1015
cô cũng đâu có điều chỉnh thái độ đâu,1017
cô thử là gv và có hs tranh luận bằng thái độ đó và còn dùng cái bút hướng vào mặt mình thì liệu cô có giữ bình tĩnh nổi k  cô giáo đã khác tốt tính,1018
đừng cứ nghĩ là giáo viên mình ko dc tranh luận  tranh luận là quyền của con người gv ko phải 100đúng,1019
Mà khoan đi mn secured nó là động từ mà  đó h chỉ bik secure là tính từ thôi á ,1020
lên oxford tra thử coi động hay tính rồi hẵn hỏi,1021
Tranh luận là tốt nhưng quan trọng thái độ ông kia thái độ gồm tông giọng nét mặt  chứ k phải chỉ từ ngữ xưng hô thôi đâu,1022
Có xem full clip chưa Giáo viên mới là người mất bình tĩnh nhé bạn đó chỉ là đang bảo vệ luận điểm của mình và tranh luận rất bình thường k hề tđộ,1023
its safety ko sai vì safety là N kdd v nên có thể lượt bỏ mạo từ Its  Nkdd về lý thuyết là đúng,1024
ok,1026
Nhg mà ngta đang nói là sau tone có thể cộng vs dtu k đếm đc bạn kia cứ k định là tính từ ,1027
tranh luận xong cuối năm thi lại nha con ,1028
mắc gì phải thi lại em Muốn rớt môn đâu có dễ v Với lại mỗi môn đều có Feedbakc cho Gvien nữa mà,1029
Mỗi môn trường đều yêu cầu học sinh đánh giá thầy cô bạn nhé Học vẫn ra học nếu sau này cô không công bằng vẫn có quyền điền trong mẫu đánh giá nhé,1030
Trường em đánh giá cũng như không  tại cô là con của người đồng sáng lập trường ở hoài k đc ban,1031
Mình không biết trường tư sao chứ trường công là mấy thầy cô hy vọng sv đánh giá tốt cho mấy thầy lắm,1032
ko dễ ở lại đâu,1033
chuẩn luôn từng dìm gv 1 lần sợ luôn,1034
Ng giỏi thì k sợ thi lại b ơiii giỏi thì ở đâu cũng sống đc,1035
tranh luận vậy mới bt đc thực lực như nào và thầy cô để ý hơn mà để ý ko phải theo hướng tiêu cực mà là hướng tích cực tốt cho bản thân,1036
Rồi xong khỏi sinh viên nào muốn tranh luận luôn ,1037
Gì vậy học đại học khác mà  mỗi cô dạy 1 môn dạy xong thì out cô khác vào chứ đâu dạy cả 1 năm như thời THPT đâu em,1038
Tâm sinh tướng ,1039
Đúng rùi nhìn thấy dữ qué,1040
ai đ v ạ,1041
ai cũng đúng,1042
phương Trang_Thu ha tôi và chị Thảo chuối nhưng mỏ tôi kh hỗn,1043
m kh hỗn với cô Thảo thế còn cô Thuỳ thì sao,1044
 tôi đâu có hỗn,1045
T nhớ con bạn t học nna bà cô sai rành luôn nó với bà cô cải nó cứ ghim bả sau này bả mở trung tâm biết nó giỏi nên mời về đứng lớp nhưng k nó tự mở,1046
Lớp dạy Nó ghét hồi xưa bả chuyên đì nó,1047
Kể chuyện gì vậy trời Đọc lú luôn,1048
Ê t đọc cái hiểu luôn mà sao m kì dị tự bỏ dấu dô đi,1049
Tui còn phát hiện ra giảng viên nn trường tui lấy tài liệu ielts của tùng đặng dạy Ielts lại cho tụi sv nữa kìa  V mà tui k nói gì hết,1050
Cãi đi rồi thi lại nha ,1051
học lại chứ cho thi lại cũng mừng ,1052
tk này hiếu thắng quá sông sâu tĩnh lặng lúa chín cúi đầu ,1053
Tuổi nàythái độ này thì làm gì biết tĩnh lặng cuối đầu ,1054
Đúng bạn,1055
Đạo lí nữa,1056
Thực ra thì kiến thức cũng sợ bị lạc hậu bị thiếu sót tui đi dạy cũng sợ sai sợ thiếu nên luôn cẩn trọng vs sv vì ngày nay sv tự học rất giỏi,1057
Tuy nhiên nếu bị bắt bài thẳng thừng như v tất nhiên gv nào cũng sẽ bị bực vì họ cũng học bài bản ra nên có gì các bạn cứ từ từ nhỏ nhẹ thui,1058
Nhiều năm trc mình thường xuyên trao đổi với thầy dạy toán chưa bao giờ lấy tinh thần hơn thua để như này cả Nhiều khi mong đến ra chơi để thảo luận,1059
Tranh luận là cùng nhau phát triển Nói chung nếu mình mà thầy giáo thì mình sẽ ưu tiên cái đó Vì có nhiều nhân tài hay học sinh cấp 3 giỏi hơn thầy,1060
Vấn đề đáng nói là thái độ mà bạn  như thầy mình mà sai thì hoan hỉ Tôi thử các em đôi bên vẫn vui,1061
Tính hơn thua là động lực học hành đấy bạn Dù là tiêu cực nhưng cái đó thúc đẩy các bạn học đấy,1062
Quan điểm của tôi là nên đặt vào trong ngữ cảnh mới biết ai đúng ai sai về mặt ngữ pháp Còn về mặt thái độ SV nên tiết chế,1063
Mun m có hoc bà này hong,1064
chưa học tiếng anh cô này nhưng nhìn quen quen v,1065
Thái độ hơn trình độ e oi ,1066
cô giáo ns lớn tiếng chứ bạn nam này thái độ chỗ nào,1067
Xem clip chưa mà phán,1068
khanh chii th khánh à,1069
chắc chắn v r,1070
Lý Ngô lại là hutech,1071
Ồ wow,1072
Thái độ hơn trình độ nha em trai,1073
Hồi đó t học 12 rồi thầy t sai xong lớp t tranh luận với thầy  thầy t khoái lắm  toàn bảo đó thấy chưathầy sai cái mấy đứa biết liền giỏi,1074
 Thầy kêu  khi giải quyết vấn đề mấy đứa biết mà còn thuyết phục được người khác theo được ý kiến của mình thì đó là giỏi  3,1075
Thầy xử lý hay đó Vậy vừa ko quê vừa đc hs yêu thương T mà vậy t cho đứa tranh luận 10d luôn,1076
Hhh thỉnh thoảng chị cũng v,1077
Thái độ hơn trình độ,1078
Thanh Truc ,1079
béquyen ,1081
kiểu như tui đợi bà ngày này lâu lắm r ,1083
gv cũng z,1084
Này là cãi lộn not tranh luận,1085
Tranh luận khác với cải lộn nha trời Tranh luận là xây dựng với tiếp thu cả 2 Còn cải lộn là thắng cho bằng được nha,1086
Trung bình Genz,1088
Hải Anh troi oi toi thấy cái áo quen quen,1089
Xưa thực tập xong cũng hay ở lại tranh luận vs gv Cô trò vui vẻ vấn đề đc giải quyết Ai lại căng thẳng vậy,1090
chiss khà khà khò khò  lớp mình có tận 2 đứa,1091
bà gv nóng tính lớn tuổi nhưng ko giữ dc bình tĩnh,1092
Tiên học lễ hậu học văn,1093
Xưa thầy cô khác Giờ thầy cô cũng khác Nên học sinh cũng khác,1094
Tranh luận khác tranh cãi nhé ,1095
Có những cái phải khôn phải khéo biết cách trình bày vấn đề để đôi bên win win  Chứ như này thì hỏng Không bao giờ giải quyết đc ,1097
Tranh luận là tốt với hướng phát triển Nhưng phải Tôn sư trọng đạo,1098
ông này nên bình tĩnh hơn trong lời nói,1099
mấy bạn IELTS đâu ai đúng zạ tui khum bt lun cãi nhau ghê quá nhưng tui thấy cô đúng mà,1100
aviiinayy m thấy chx sửa cái lỗi chỉ chỉ gv đi nha,1101
bchauu_12 để đây và k nói j chắc m cx hiểu ,1102
thanhngan04 hu tét nè,1103
gần thi lm z bị ghim hơi mệt ý,1104
Có thể cậu ấy đã quá tự tin vào năng lực bản thân bản thân mình ngày xưa đôi lúc giáo viên sai cả lớp dơ tay r hỏi qua lại chứ chả ai như thế này ,1105
Quan trọng là thái độ và kỷ luật ,1106
Đính chính lại là mình từng học cô này nha Cô tuy hơi nóng tính nhưng rất thương sv Cứ đi học đầy đủ ko vắng là auto đqt trên 7,1107
học lễ trc học văn sau,1108
Nhìn mặt bạn hs chất lượng vãi ,1109
Hic xưa mình đại học cũng 1 lần lên tranh luận với thầy tin học nhưng mà là tranh luận thêm phương án Phải tôn trọng giảng viên chứ nhỉ,1110
It is  N hoàn toàn đúng Ví dụ như trong câu chẻ It is security that comes first in this company,1112
Hồi đó nói cô Tiếng Anh sai cấu trúc cái bị ghim 2 năm luôn ,1113
thẳng thắng có chính kiếm là tốt nhưng cần khiêm nhường lễ độ,1114
Thi lại nha,1115
hay ra zẻ,1116
Trong cuộc trang luận người mất bình tĩnh là người đó thua,1117
Tuổi trẻ tài lanh ,1118
bạn này tính hiếu thắng ấy,1119
Tính khí của tui giống bạn này nè nhưng ko dám bộc phát ở lớp học đâu Mình sẽ rút kinh nghiệm,1120
Mình thấy ban đầu Cô Giáo có vẻ mất Bình tĩnh hơn đó chứ,1121
Tuổi này nó thế,1122
lên đại học lớp t với giản viên tranh luận như 2 bà bán rau bán thịt ở chợ,1123
Mình chưa thấy ai thật sự giỏi mà đi cải tay đôi với gv dù là gv đúng hay sai,1124
Cãi cô là đi xa điểm quá trình 4đ dìa chỗ,1125
Cả hai sai,1126
Tâm sinh tướng,1127
thích thể hiejen,1128
Hồi xưa t cũng cãi với cô tiếng anh nhưng mà vê phát âm,1129
Giờ làm giáo viên mệt mỏi thiệt sự Không biết mình dạy nó hay nó dạy mình nữa,1130
Này chắc gv dạy thêm dạy 1 đường gv trường dạy nẻo tranh nhau chứ gì,1131
cô đúng,1132
Thấy áo hutec,1133
Qua ueh hc chug tui nè hc hutech hơi phí vs a,1134
t mà tranh luận kiểu z vs giáo viên là cả đời học sinh bị ghim ,1135
battle ,1136
này hỏng phải tranh luận này là cãi lộn lun rồi,1137
Không bt sao chứ nếu là bài gv cho làm trên lớp thì 1 là đáp án trong sách 2 là đã làm trc và giải trc Khó sai lắm  vs ông kia kiến thức cũng,1138
Muốn chứng tỏ hơn,1139
Rồi cô trò hiểu nhau chưa ,1140
Đây gọi là tranh cãi chứ tranh luận gì,1141
Mỹ Duyên hình như trường mình kkk,1142
Tuổi trẻ chua trãi sự đời ,1143
Huong_vina hutech kìa,1144
T thấy bả la ông kia,1145
nhushine17 quen k,1146
pt e tranh luận vs Mr dan lee đi,1147
Sau it is là một danh từ số ít thì phải có giới từ a nếu chỉ số nhiều thì phải thêm s hoặc es,1149
cô lắng nghe học sinh mà hs kg lắng nghe,1150
muốn học thì phải im lặng,1151
hồi xưa bà cô tiếng anh t phải nể bạn t vì nó đã sửa và chỉ bả lại cách dạy mới dễ hiểulên nói chuyện bằng tiếng anh với bả luônmôn anh 10đ không cần kiểm tra luôn sau mới biết mẹ nó người Úc,1152
Điều 1 gv luôn đúng điều 2 lặp lại điều 1,1153
biết được tí chữ là đòi bật thầy ngay đấy,1154
Không thể tưởng tượng nổiKiếm_thêm_thu_nhập288,1155
Không thể tưởng tượng nổinhà_làm_đơn_giản888,1156
Không thể tưởng tượng nổiCơ_hội_làm_thêm288,1157
Không thể tin được thêm_nhà_tinh_tế88,1158
nice combat,1159
Tuổi trẻ háo thắng,1160
mấy đứa buồn vệ sinh,1161
t cãi vs giáo viên nc ngoài,1162
không biết là câu chuyện sao nma thái độ v là k đc r trừ 100 điểm thanh lịch nha,1163
ko má nào chịu thua má nào ,1164
V ai đúng,1165
rồi rốt cuộc ai đúng ai sai,1166
myhanh áp lực ngang hong,1167
r ai đúng,1168
Nghe phát âm của giáo viên ,1169
Cái câu trắc nghiệm cô giáo đưa ra không hợp lí vì có 23 lựa chọn đúng,1170
Thu Trang dui dẻ lun,1171
Anh này tui thấy trong cuộc tranh luận đều nói chuyện rất nhẹ nhàng chứ không hề có thái độ nóng nảy như người gv kia,1172
Nhường một chút thì chẳng mất j,1173
khi giáo viên bảo có giỏi thì lên dạy thay tôi đi,1174
quan trọng là ai đúng ai sai,1175
TammyandEnglishai đúng chị,1176
thôi để vài năm nữa đời sẽ dạy e,1178
dạy GV luôn  thái độ dữ z trời,1179
maat day,1180
zuizekoquao ,1181
Sisimon history,1182
Woahmail17228y0,1183
hutech cơ sở nào đây,1184
khu E chắc r,1185
Khu E,1186
cửa kiếng đó khu E thuiiiii ,1187
Tuổi trẻ chưa hiểu sự đời ,1188
Mặt cố giáo cung ko phải vừa mà mng nói thái độ của chang trai,1189
sai,1190
Thật ra thì với gv lớn tuổi như vậy thì dù có nói riêng hay nói chung thì người ta cũng không chịu thua đâu ,1191
Chuẩn đi học sợ nhất bị gv ghim k dám nói ra ủng hộ bạn này nhưng lo sau này bạn bị ghim quá,1192
bởi vì cô dạy đúng mà chẳng lẽ lại chịu thua trước lỗi sai của học trò của sinh viên Để tốt nghiệp ra vẫn nghĩ lỗi sai của mình là đúng ,1193
Đại học nên học xong cũng nhanh lắm bạn  cùng lắm là gần 1 tháng là hết gặp gv đó à,1194
ủa chứ cô có sai đâu cô đang cố giải thích là sau tobe  N là đúng mà và cô cũng đâu có chọn security đâu mà nói cô sai,1195
Ng có hai thứ tóc khó cúi đầu trc ai lắm,1196
Má ôi cô dạy đúng đó trời  thằng nhóc này nó ko phân biệt được cấu trúc,1197
Cứ làm như cái gì áp dụng công thức cũng đúng ý ,1198
Học av thì nên đi đôi với áp dụng nói chuyện với ng nước ngoài đừng có học trên lý thuyết là xong  là đủ,1199
cô có sai đâu mà nhận á,1200
vâng chứ s b be  Nkdd vẫn đúng,1201
Im a teacher,1202
Đúng ngữ pháp là để viết chứ nói mấy ai đúng toàn bộ ngữ pháp đâu,1203
Cô có sai đâu bạn bạn có xme clip phân tích về phần kiến thức này chưa,1204
phần vì tự ái phần về sĩ diện,1205
ủa cô ví dụ có sai đâu nhưng có điều áp dụng thực tế k ai sài v ,1206
đúg đúg,1207
Đúng nha Học thêm đi,1208
Ma GV dau sai dau ban sn đang kieu ra ve do chu,1209
chẳng đúng thì sai à ,1210
tobe đi với 4 loại lận đúng rồi mà,1211
Chỉ mặt gv luôn,1212
chỉ vào bảng mà,1213
cái thái độ của bạn nam là muốn hơn thua rồi,1214
coi hết clip chưa  anh này vẫn bình tĩnh và rất lễ phép mà,1215
Nc kiểu v là lễ phép dữ chưa bạn,1216
nói chuyện dạ thưa với người lớn là bản năng thôi nhưng bên trong muốn háo thắng và hơn thua giáo viên rồi,1217
người ta đánh giá thái độ là phải qua tông giọng á bạn chứ đánh giá qua từ ngữ chỉ là phần nhỏ thôi,1218
Trên báo phân tích gv ko sai đâu,1219
Thì mình có nói gv sai đâu ạ,1220
vấn đề hs đag tranh luận,1221
coi hết video hãy nói,1222
Ờ suy nghĩ kiểu vậy để xem đậu nv1 nổi k,1223
Đậu chứ chú,1224
Thầy mình còn khuyến khích cãi lộn cho 10 nữa nè,1226
Thầy bạn khuyên thế nào nhưng cx phải kính trên ngồi ở dưới thì đấy là lẽ,1227
tranh luận là tốt mà b thầy t khuyên là nên cãi với thầy càng nhiều càng tốt luôn ấy,1228
bạn đừng có từ miệng 1 thầy mà áp dụng vs toàn bộ giáo viên,1229
Mình đang viết để bạn hiểu rõ hơn nhưng mà nó giới hạn ký tự nên ko viết tiếp được Nên thôi sau này trải nghiệm nhiều sẽ cho mình nhiều kinh nghiệm,1230
tranh luận là tốt nhưng qtrong ở thái độ,1231
Nói chung trao đổi riêng chứ như này giáo viên cảm thấy bị lên mặt họ ko bình tĩnh đc đâu,1232
Mình cảm thấy có thể trực tiếp công khai lun vì tất cả các bn sinh viên đều sẽ đc học trau dồi kt mới Chỉ là nên bình tĩnh tiết chế hơn,1233
nếu vì sĩ diện mà k bình tĩnh thì đó là lỗi của giáo viên,1234
Chính xác chỉ cần nói giỡn em về ngồi đi để Cô coi lại chỗ nàylàm hồi Cô rối là khỏi dạy luôn á,1235
Ở độ tuổi nhóc này ai có con em đi sẽ hiểunó ngông thì đúng hay sai nó cũng phải ngôngsai rồi quê thui thủi k muốn xin lỗiphải chủ động là hoà bỏ q,1236
chắc chắn là gv rồi bạn ạ nma vấn đề phần lớn mình thấy người việt bảo thủ điển hình như việc mình ko thể nói lí vs bố mẹ đc bị kêu hỗn là chắc,1237
Có những thứ giáo viên sai nhưng nên trao đổi riêng là được rồi,1238
Có những thứ là có những việc gv sai á trời  đọc là hiểu mà ng ta đâu có nói gv này nọ đâu b,1239
Sao bạn bt gv sai vậy  chỉ tui với,1240
Naz gv co sai dau troi,1241
gv sai đâu  bạn nam sai mà ,1242
z là bị gv thao túng tâm lý rồi ,1243
do b đọc không hiểu với chủ cmt viết k có dấu nên hiểu lầm thôi chứ đúng là có những thứ giáo viên á,1244
ủa z hảbạn bỏ dấu phẩy vô cái t đọc k hiểu luôn,1245
giái viên sai cũng có thể trao đổi ngay tại lớpvs tinh thân tranh luận văn minh lịch sự tôn trọng,1246
ai bảo b cô giáo cũng chả sai,1247
Những thứ ở đây là something chứ k có ý xúc phạm gv đâu Bạn hiểu lầm r,1248
Vậy cô sai chỗ nào,1249
Kh phân biệt được countable vs uncount rồi mà đúng cái gì,1250
gì vậy mẹ ,1251
Nên nhớ Tiên học lễ hậu học văn ,1252
Mình đã coi clip gốc và thấy hs mất bình tĩnh trước ,1253
coi clip gốc đi Nam sinh bình tỉnh giải quyết chỉ có giáo viên mất bình tỉnh thôi Báo mà đưa giáo viên sai sao đc,1254
Nhưng thật ra gv đúng mà bạn,1255
đi học trễ nghỉ học lun,1256
Thằng này sinh năm bnh v,1257
Cái này đã đè nén hangd ngàn thế hệ HS HS phải phản biện lại,1258
tiên học lễ,1259
lễ phi phai đi em,1260
lễ phi phai liệt tiếng việt hả em,1261
vậy free fire mới đúng à nhưng mà free fire là tiếng anh mà liệt tiếng Việt đâu ra,1263
Háo thắng,1264
Xem full clip chưa mà phán Tranh luận bảo vệ luận điểm thì háo thắng kiểu gì,1265
Xem rồi bạn ạ xem trước khi cả xem clip này thấy bạn cũng cmt bênh bạn ấy bên đó mỗi người mỗi góc nhìn mình kh muốn đôi co với bạn,1266
nói háo thắng đúng rồi nhắm hiểu biết bằng giáo viên ko cải cố đang nói công thức của nó là đúng,1267
Này chắc người thân hoặc bạn bè của th đó vào bảo vệ luận điểm giúp hắn ta ,1268
Ủa mắc gì ném đá Thà trận luận cho nó căng đét lên vậy á rồi gv là người thắng thì mới thuyết phục chứ Chứ hổng lẻ ngồi im im ngủ suốt buổi,1269
Không ai cấm tranh luận nhưng bạn phải biết bạn tranh luận với ai và thái độ cử chỉ lời nói cũng phải lễ độ Tranh luận khác với hỗn,1270
Thầy cô sai k phải cái cớ để mình hỗn hào z là b làm b thiệt đó,1271
câu  tiên học lễ hậu học văn được dạy từ c1 chả có ý nghĩa j vs bạn à,1272
Thái độ nó như vậy kêu gv bình tĩnh Tiên học lễ bỏ đâu rồi bạn Thầy cô không bình tĩnh là học trò được thái độ lại Hòn đá ném đi hòn chì ném lại,1273
Gv cũng không giữ được bình tĩnh được nữa đồ hs bình tĩnh lễ độ,1274
Mầm mầm,1275
Bruce Anh,1276
_ngocc_,1277
Thế Lợi Lê,1278
Thư Đinh,1279
Bia,1280
Trúc Thuỷ,1281
Nhóc Rin,1282
nhibui525,1283
tthv illi,1284
wuanghuy_07,1285
Quách Thiên Hoa,1286
NgoVietHoang8897,1287
khatienganh,1288
KV Tran,1289
7 điểm toán thì đổi tên co ka,1290
Xiao Hong Shun,1291
haha,1292
quinnnek,1293
kbxkdk,1294
Thôi cho thằng này lên làm thầy luôn đi cô,1295
Cái này là muốn dăng mặt gv thì có chứ tranh luận gì,1296
Em khỏi luôn Khỏi học môn tôi,1297
sao hay ra dẽ qua à ,1298
có tài giỏi như thế nào nữa cũng ko nên như vậy nah ,1299
 đầu thai ở Mỹ thì ko phải học ngữ pháp,1300
tốt nhất khỏi tranh luận  tranh luận cx bị nói này nọ,1301
tưởng hutech toàn clip sếchhoá ra cũng có học,1302
Cô dạy k sai chỉ có cái cô chưa giải thích để em trai hiểu là safety hay seccurity là dt k đếm đc nên k cần thêm mạo từ a an,1303
Con nít mà thiếu kiểm soát là điều hiển nhiên sao lại đi trách con nít,1304
à cô dạy  Không dựa vô câu hỏi mà cứ It is noun với it is adj hoài  ví dụ cho b này,1305
Cái mỏ của nó nói lên tất cả mà ,1306
Mây ngôn ngữ Anh lên tiếng cái đi hả,1307
Nếu muốn chắc là gv duun hay sai thì giả bộ phát biểu à thầy ơi cô ơi em thấy như này em nghĩ cái kia sẽ đúng được không ạ Chứ ở đâu ra mà cãi,1308
cứ góp ý thôi sao mún ngồi lên đầu cô giáo thế,1309
Này là háo thắng 1001 trường hợp tranh luận nhưng đc chấp nhận Khứa này tao chê,1310
Ủa có thật sự xem clip k Bạn sv này đang TRANH LUẬN rất điềm tĩnh chứ KHÔNG MẤT BÌNH TĨNH như cô giáo viên kia đừng có đá tus bậy bạ đổ tội bạn đó,1311
cắt video ko  coi video gốc mới biết giao viên mất bình tĩnh cỡ nào  ông học sinh đó rất bình tĩnh nha má  có bà giáo viên giẫy đành đạch j luôn,1312
Ủa cái khúc beaty là sai rồi It is beaty chứ sao a đc nó chỉ là mạo từ dùng cho danh từ sao cho tính từ đc,1313
lulubunny319,1314
